[{"model": "auth.permission", "pk": 1, "fields": {"name": "Can add log entry", "content_type": 1, "codename": "add_logentry"}}, {"model": "auth.permission", "pk": 2, "fields": {"name": "Can change log entry", "content_type": 1, "codename": "change_logentry"}}, {"model": "auth.permission", "pk": 3, "fields": {"name": "Can delete log entry", "content_type": 1, "codename": "delete_logentry"}}, {"model": "auth.permission", "pk": 4, "fields": {"name": "Can view log entry", "content_type": 1, "codename": "view_logentry"}}, {"model": "auth.permission", "pk": 5, "fields": {"name": "Can add permission", "content_type": 2, "codename": "add_permission"}}, {"model": "auth.permission", "pk": 6, "fields": {"name": "Can change permission", "content_type": 2, "codename": "change_permission"}}, {"model": "auth.permission", "pk": 7, "fields": {"name": "Can delete permission", "content_type": 2, "codename": "delete_permission"}}, {"model": "auth.permission", "pk": 8, "fields": {"name": "Can view permission", "content_type": 2, "codename": "view_permission"}}, {"model": "auth.permission", "pk": 9, "fields": {"name": "Can add group", "content_type": 3, "codename": "add_group"}}, {"model": "auth.permission", "pk": 10, "fields": {"name": "Can change group", "content_type": 3, "codename": "change_group"}}, {"model": "auth.permission", "pk": 11, "fields": {"name": "Can delete group", "content_type": 3, "codename": "delete_group"}}, {"model": "auth.permission", "pk": 12, "fields": {"name": "Can view group", "content_type": 3, "codename": "view_group"}}, {"model": "auth.permission", "pk": 13, "fields": {"name": "Can add user", "content_type": 4, "codename": "add_user"}}, {"model": "auth.permission", "pk": 14, "fields": {"name": "Can change user", "content_type": 4, "codename": "change_user"}}, {"model": "auth.permission", "pk": 15, "fields": {"name": "Can delete user", "content_type": 4, "codename": "delete_user"}}, {"model": "auth.permission", "pk": 16, "fields": {"name": "Can view user", "content_type": 4, "codename": "view_user"}}, {"model": "auth.permission", "pk": 17, "fields": {"name": "Can add content type", "content_type": 5, "codename": "add_contenttype"}}, {"model": "auth.permission", "pk": 18, "fields": {"name": "Can change content type", "content_type": 5, "codename": "change_contenttype"}}, {"model": "auth.permission", "pk": 19, "fields": {"name": "Can delete content type", "content_type": 5, "codename": "delete_contenttype"}}, {"model": "auth.permission", "pk": 20, "fields": {"name": "Can view content type", "content_type": 5, "codename": "view_contenttype"}}, {"model": "auth.permission", "pk": 21, "fields": {"name": "Can add session", "content_type": 6, "codename": "add_session"}}, {"model": "auth.permission", "pk": 22, "fields": {"name": "Can change session", "content_type": 6, "codename": "change_session"}}, {"model": "auth.permission", "pk": 23, "fields": {"name": "Can delete session", "content_type": 6, "codename": "delete_session"}}, {"model": "auth.permission", "pk": 24, "fields": {"name": "Can view session", "content_type": 6, "codename": "view_session"}}, {"model": "auth.permission", "pk": 25, "fields": {"name": "Can add Time", "content_type": 7, "codename": "add_time"}}, {"model": "auth.permission", "pk": 26, "fields": {"name": "Can change Time", "content_type": 7, "codename": "change_time"}}, {"model": "auth.permission", "pk": 27, "fields": {"name": "Can delete Time", "content_type": 7, "codename": "delete_time"}}, {"model": "auth.permission", "pk": 28, "fields": {"name": "Can view Time", "content_type": 7, "codename": "view_time"}}, {"model": "auth.permission", "pk": 29, "fields": {"name": "Can add Estadio", "content_type": 8, "codename": "add_estadio"}}, {"model": "auth.permission", "pk": 30, "fields": {"name": "Can change Estadio", "content_type": 8, "codename": "change_estadio"}}, {"model": "auth.permission", "pk": 31, "fields": {"name": "Can delete Estadio", "content_type": 8, "codename": "delete_estadio"}}, {"model": "auth.permission", "pk": 32, "fields": {"name": "Can view Estadio", "content_type": 8, "codename": "view_estadio"}}, {"model": "auth.permission", "pk": 33, "fields": {"name": "Can add Endereco", "content_type": 9, "codename": "add_endereco"}}, {"model": "auth.permission", "pk": 34, "fields": {"name": "Can change Endereco", "content_type": 9, "codename": "change_endereco"}}, {"model": "auth.permission", "pk": 35, "fields": {"name": "Can delete Endereco", "content_type": 9, "codename": "delete_endereco"}}, {"model": "auth.permission", "pk": 36, "fields": {"name": "Can view Endereco", "content_type": 9, "codename": "view_endereco"}}, {"model": "auth.permission", "pk": 37, "fields": {"name": "Can add Jogador", "content_type": 10, "codename": "add_jogador"}}, {"model": "auth.permission", "pk": 38, "fields": {"name": "Can change Jogador", "content_type": 10, "codename": "change_jogador"}}, {"model": "auth.permission", "pk": 39, "fields": {"name": "Can delete Jogador", "content_type": 10, "codename": "delete_jogador"}}, {"model": "auth.permission", "pk": 40, "fields": {"name": "Can view Jogador", "content_type": 10, "codename": "view_jogador"}}, {"model": "auth.permission", "pk": 41, "fields": {"name": "Can add Campeonato", "content_type": 11, "codename": "add_campeonato"}}, {"model": "auth.permission", "pk": 42, "fields": {"name": "Can change Campeonato", "content_type": 11, "codename": "change_campeonato"}}, {"model": "auth.permission", "pk": 43, "fields": {"name": "Can delete Campeonato", "content_type": 11, "codename": "delete_campeonato"}}, {"model": "auth.permission", "pk": 44, "fields": {"name": "Can view Campeonato", "content_type": 11, "codename": "view_campeonato"}}, {"model": "auth.permission", "pk": 45, "fields": {"name": "Can add Edição", "content_type": 12, "codename": "add_edicao"}}, {"model": "auth.permission", "pk": 46, "fields": {"name": "Can change Edição", "content_type": 12, "codename": "change_edicao"}}, {"model": "auth.permission", "pk": 47, "fields": {"name": "Can delete Edição", "content_type": 12, "codename": "delete_edicao"}}, {"model": "auth.permission", "pk": 48, "fields": {"name": "Can view Edição", "content_type": 12, "codename": "view_edicao"}}, {"model": "auth.permission", "pk": 49, "fields": {"name": "Can add Partida", "content_type": 13, "codename": "add_partida"}}, {"model": "auth.permission", "pk": 50, "fields": {"name": "Can change Partida", "content_type": 13, "codename": "change_partida"}}, {"model": "auth.permission", "pk": 51, "fields": {"name": "Can delete Partida", "content_type": 13, "codename": "delete_partida"}}, {"model": "auth.permission", "pk": 52, "fields": {"name": "Can view Partida", "content_type": 13, "codename": "view_partida"}}, {"model": "auth.user", "pk": 1, "fields": {"password": "pbkdf2_sha256$1000000$h8OxyOJD1IMxsyq4aM6CUH$zuCwXNHpOYaj6H8A0W81Wpf+tUN5tyPpYbOPpDLIQL4=", "last_login": "2025-06-04T14:37:01.382Z", "is_superuser": true, "username": "admin", "first_name": "", "last_name": "", "email": "admin@admin.com", "is_staff": true, "is_active": true, "date_joined": "2025-06-02T14:13:57.383Z", "groups": [], "user_permissions": []}}, {"model": "contenttypes.contenttype", "pk": 1, "fields": {"app_label": "admin", "model": "logentry"}}, {"model": "contenttypes.contenttype", "pk": 2, "fields": {"app_label": "auth", "model": "permission"}}, {"model": "contenttypes.contenttype", "pk": 3, "fields": {"app_label": "auth", "model": "group"}}, {"model": "contenttypes.contenttype", "pk": 4, "fields": {"app_label": "auth", "model": "user"}}, {"model": "contenttypes.contenttype", "pk": 5, "fields": {"app_label": "contenttypes", "model": "contenttype"}}, {"model": "contenttypes.contenttype", "pk": 6, "fields": {"app_label": "sessions", "model": "session"}}, {"model": "contenttypes.contenttype", "pk": 7, "fields": {"app_label": "teams", "model": "time"}}, {"model": "contenttypes.contenttype", "pk": 8, "fields": {"app_label": "teams", "model": "estadio"}}, {"model": "contenttypes.contenttype", "pk": 9, "fields": {"app_label": "address", "model": "endereco"}}, {"model": "contenttypes.contenttype", "pk": 10, "fields": {"app_label": "players", "model": "jogador"}}, {"model": "contenttypes.contenttype", "pk": 11, "fields": {"app_label": "championship", "model": "campeonato"}}, {"model": "contenttypes.contenttype", "pk": 12, "fields": {"app_label": "championship", "model": "edicao"}}, {"model": "contenttypes.contenttype", "pk": 13, "fields": {"app_label": "championship", "model": "partida"}}, {"model": "sessions.session", "pk": "19cp7vleh1nxnz0r3e27aotmnwe183dc", "fields": {"session_data": ".eJxVjMsOwiAQRf-FtSFQhpdL934DGWCQqoGktCvjv2uTLnR7zzn3xQJuaw3boCXMmZ2ZZKffLWJ6UNtBvmO7dZ56W5c58l3hBx382jM9L4f7d1Bx1G-dtNJeoSxgyAg1SQDrHUCWVIQlk2REZ9GL7KLzNOniCYVALKQwkWHvD8gTOAU:1uMpEj:s-QBQicF9ZFthHGNsA20oJ4f7ESQrJ-ZDYut6EfAJbA", "expire_date": "2025-06-18T14:37:01.384Z"}}, {"model": "sessions.session", "pk": "3ghdg7fduu3za8ckk4bg9xonjiggyegy", "fields": {"session_data": ".eJxVjMsOwiAQRf-FtSG8EZfu-w2EYaZSNZCUdmX8dyXpQrf3nHNfLKZ9K3HvtMYF2YVJdvrdIOUH1QHwnuqt8dzqti7Ah8IP2vnUkJ7Xw_07KKmXb-1MsGJWXoD0ZyBAg9Iol4LwylulQ56lRm3QGy0yJWtVJiNH4ywEZO8PvWw3CA:1uMPux:t7RGoDV8CQ44fPZh1uXlTOXa1oabesZsugj1I3pfFM4", "expire_date": "2025-06-17T11:34:55.986Z"}}, {"model": "sessions.session", "pk": "igbgxvo2deblezgul0abpb25gksgbdeo", "fields": {"session_data": ".eJxVjMsOwiAQRf-FtSG8EZfu-w2EYaZSNZCUdmX8dyXpQrf3nHNfLKZ9K3HvtMYF2YVJdvrdIOUH1QHwnuqt8dzqti7Ah8IP2vnUkJ7Xw_07KKmXb-1MsGJWXoD0ZyBAg9Iol4LwylulQ56lRm3QGy0yJWtVJiNH4ywEZO8PvWw3CA:1uM5vq:uzLKrDom9tp961XuyU6LIw8eY54jDy7JOneTqHGLQcc", "expire_date": "2025-06-16T14:14:30.896Z"}}, {"model": "teams.time", "pk": 1, "fields": {"nome": "Handebol São Paulo", "capitao": 3}}, {"model": "teams.time", "pk": 2, "fields": {"nome": "Handebol Rio de Janeiro", "capitao": 8}}, {"model": "teams.time", "pk": 3, "fields": {"nome": "Handebol Minas Gerais", "capitao": 13}}, {"model": "teams.time", "pk": 4, "fields": {"nome": "Handebol Bahia", "capitao": 18}}, {"model": "teams.time", "pk": 5, "fields": {"nome": "Handebol Paraná", "capitao": 23}}, {"model": "teams.time", "pk": 6, "fields": {"nome": "Handebol Ceará", "capitao": 28}}, {"model": "teams.time", "pk": 7, "fields": {"nome": "Handebol Pernambuco", "capitao": 33}}, {"model": "teams.time", "pk": 8, "fields": {"nome": "Handebol Piauí", "capitao": 38}}, {"model": "teams.estadio", "pk": 1, "fields": {"nome": "Estádio São Paulo", "time": 1, "endereco": 1}}, {"model": "teams.estadio", "pk": 2, "fields": {"nome": "Estádio Rio", "time": 2, "endereco": 2}}, {"model": "teams.estadio", "pk": 3, "fields": {"nome": "Estádio Minas", "time": 3, "endereco": 3}}, {"model": "teams.estadio", "pk": 4, "fields": {"nome": "Estádio Bahia", "time": 4, "endereco": 4}}, {"model": "teams.estadio", "pk": 5, "fields": {"nome": "Estádio Paraná", "time": 5, "endereco": 5}}, {"model": "teams.estadio", "pk": 6, "fields": {"nome": "Estádio Ceará", "time": 6, "endereco": 6}}, {"model": "teams.estadio", "pk": 7, "fields": {"nome": "Estádio Pernambuco", "time": 7, "endereco": 7}}, {"model": "teams.estadio", "pk": 8, "fields": {"nome": "Estádio Piauí", "time": 8, "endereco": 8}}, {"model": "address.endereco", "pk": 1, "fields": {"lagradouro": "Rua das Flores, 123", "cep": "01000-000", "cidade": "São Paulo", "uf": "SP"}}, {"model": "address.endereco", "pk": 2, "fields": {"lagradouro": "Av. Rio Branco, 456", "cep": "20000-000", "cidade": "Rio de Janeiro", "uf": "RJ"}}, {"model": "address.endereco", "pk": 3, "fields": {"lagradouro": "Av. Brasil, 789", "cep": "30000-000", "cidade": "Belo Horizonte", "uf": "MG"}}, {"model": "address.endereco", "pk": 4, "fields": {"lagradouro": "Rua da Bahia, 321", "cep": "40000-000", "cidade": "Salvador", "uf": "BA"}}, {"model": "address.endereco", "pk": 5, "fields": {"lagradouro": "Rua Paraná, 654", "cep": "80000-000", "cidade": "Curitiba", "uf": "PR"}}, {"model": "address.endereco", "pk": 6, "fields": {"lagradouro": "Av. Ceará, 777", "cep": "60000-000", "cidade": "Fortaleza", "uf": "CE"}}, {"model": "address.endereco", "pk": 7, "fields": {"lagradouro": "Rua Recife, 222", "cep": "50000-000", "cidade": "Recife", "uf": "PE"}}, {"model": "address.endereco", "pk": 8, "fields": {"lagradouro": "Av. Piauí, 888", "cep": "64000-000", "cidade": "Teresina", "uf": "PI"}}, {"model": "players.jogador", "pk": 1, "fields": {"nome": "Carlos Silva", "data_nascimento": "1990-03-15", "genero": "M", "altura": 185, "time": 1}}, {"model": "players.jogador", "pk": 2, "fields": {"nome": "João Souza", "data_nascimento": "1992-07-20", "genero": "M", "altura": 178, "time": 1}}, {"model": "players.jogador", "pk": 3, "fields": {"nome": "Pedro Santos", "data_nascimento": "1991-11-10", "genero": "M", "altura": 180, "time": 1}}, {"model": "players.jogador", "pk": 4, "fields": {"nome": "Lucas Silva", "data_nascimento": "1994-06-15", "genero": "M", "altura": 177, "time": 1}}, {"model": "players.jogador", "pk": 5, "fields": {"nome": "Mateus Oliveira", "data_nascimento": "1993-08-05", "genero": "M", "altura": 179, "time": 1}}, {"model": "players.jogador", "pk": 6, "fields": {"nome": "Rafael Costa", "data_nascimento": "1988-12-05", "genero": "M", "altura": 190, "time": 2}}, {"model": "players.jogador", "pk": 7, "fields": {"nome": "Lucas Pereira", "data_nascimento": "1993-06-18", "genero": "M", "altura": 182, "time": 2}}, {"model": "players.jogador", "pk": 8, "fields": {"nome": "Felipe Alves", "data_nascimento": "1991-01-25", "genero": "M", "altura": 175, "time": 2}}, {"model": "players.jogador", "pk": 9, "fields": {"nome": "Gabriel Santos", "data_nascimento": "1995-02-14", "genero": "M", "altura": 180, "time": 2}}, {"model": "players.jogador", "pk": 10, "fields": {"nome": "Daniel Souza", "data_nascimento": "1990-09-10", "genero": "M", "altura": 176, "time": 2}}, {"model": "players.jogador", "pk": 11, "fields": {"nome": "Bruno Fernandes", "data_nascimento": "1994-04-12", "genero": "M", "altura": 188, "time": 3}}, {"model": "players.jogador", "pk": 12, "fields": {"nome": "Daniel Oliveira", "data_nascimento": "1990-09-30", "genero": "M", "altura": 183, "time": 3}}, {"model": "players.jogador", "pk": 13, "fields": {"nome": "Eduardo Lima", "data_nascimento": "1992-03-03", "genero": "M", "altura": 184, "time": 3}}, {"model": "players.jogador", "pk": 14, "fields": {"nome": "Fernando Alves", "data_nascimento": "1995-11-21", "genero": "M", "altura": 179, "time": 3}}, {"model": "players.jogador", "pk": 15, "fields": {"nome": "Gustavo Martins", "data_nascimento": "1991-07-19", "genero": "M", "altura": 181, "time": 3}}, {"model": "players.jogador", "pk": 16, "fields": {"nome": "Henrique Souza", "data_nascimento": "1993-05-22", "genero": "M", "altura": 182, "time": 4}}, {"model": "players.jogador", "pk": 17, "fields": {"nome": "Igor Ribeiro", "data_nascimento": "1994-08-30", "genero": "M", "altura": 178, "time": 4}}, {"model": "players.jogador", "pk": 18, "fields": {"nome": "João Pedro", "data_nascimento": "1991-10-15", "genero": "M", "altura": 185, "time": 4}}, {"model": "players.jogador", "pk": 19, "fields": {"nome": "Kelvin Costa", "data_nascimento": "1990-12-12", "genero": "M", "altura": 180, "time": 4}}, {"model": "players.jogador", "pk": 20, "fields": {"nome": "Leonardo Silva", "data_nascimento": "1995-01-25", "genero": "M", "altura": 177, "time": 4}}, {"model": "players.jogador", "pk": 21, "fields": {"nome": "Marcos Almeida", "data_nascimento": "1990-06-20", "genero": "M", "altura": 185, "time": 5}}, {"model": "players.jogador", "pk": 22, "fields": {"nome": "Natan Souza", "data_nascimento": "1992-02-17", "genero": "M", "altura": 178, "time": 5}}, {"model": "players.jogador", "pk": 23, "fields": {"nome": "Otávio Lima", "data_nascimento": "1991-09-08", "genero": "M", "altura": 183, "time": 5}}, {"model": "players.jogador", "pk": 24, "fields": {"nome": "Paulo Henrique", "data_nascimento": "1994-04-22", "genero": "M", "altura": 179, "time": 5}}, {"model": "players.jogador", "pk": 25, "fields": {"nome": "Quintino Silva", "data_nascimento": "1993-07-14", "genero": "M", "altura": 181, "time": 5}}, {"model": "players.jogador", "pk": 26, "fields": {"nome": "Rafael Torres", "data_nascimento": "1992-05-10", "genero": "M", "altura": 180, "time": 6}}, {"model": "players.jogador", "pk": 27, "fields": {"nome": "Samuel Rocha", "data_nascimento": "1991-12-01", "genero": "M", "altura": 182, "time": 6}}, {"model": "players.jogador", "pk": 28, "fields": {"nome": "Tiago Martins", "data_nascimento": "1990-08-15", "genero": "M", "altura": 185, "time": 6}}, {"model": "players.jogador", "pk": 29, "fields": {"nome": "Victor Souza", "data_nascimento": "1993-03-20", "genero": "M", "altura": 179, "time": 6}}, {"model": "players.jogador", "pk": 30, "fields": {"nome": "Wesley Costa", "data_nascimento": "1994-10-12", "genero": "M", "altura": 177, "time": 6}}, {"model": "players.jogador", "pk": 31, "fields": {"nome": "Xavier Lima", "data_nascimento": "1991-11-11", "genero": "M", "altura": 183, "time": 7}}, {"model": "players.jogador", "pk": 32, "fields": {"nome": "Yuri Santos", "data_nascimento": "1990-07-07", "genero": "M", "altura": 180, "time": 7}}, {"model": "players.jogador", "pk": 33, "fields": {"nome": "Zeca Oliveira", "data_nascimento": "1992-09-29", "genero": "M", "altura": 185, "time": 7}}, {"model": "players.jogador", "pk": 34, "fields": {"nome": "Alan Silva", "data_nascimento": "1993-01-15", "genero": "M", "altura": 178, "time": 7}}, {"model": "players.jogador", "pk": 35, "fields": {"nome": "Bruno Pereira", "data_nascimento": "1994-06-30", "genero": "M", "altura": 179, "time": 7}}, {"model": "players.jogador", "pk": 36, "fields": {"nome": "Carlos Piauí", "data_nascimento": "1990-04-04", "genero": "M", "altura": 184, "time": 8}}, {"model": "players.jogador", "pk": 37, "fields": {"nome": "Diego Sousa", "data_nascimento": "1992-06-06", "genero": "M", "altura": 177, "time": 8}}, {"model": "players.jogador", "pk": 38, "fields": {"nome": "Eduardo Pires", "data_nascimento": "1991-10-10", "genero": "M", "altura": 182, "time": 8}}, {"model": "players.jogador", "pk": 39, "fields": {"nome": "Fernando Silva", "data_nascimento": "1993-12-12", "genero": "M", "altura": 179, "time": 8}}, {"model": "players.jogador", "pk": 40, "fields": {"nome": "Guilherme Rocha", "data_nascimento": "1994-01-01", "genero": "M", "altura": 180, "time": 8}}, {"model": "championship.campeonato", "pk": 1, "fields": {"nome": "Campeonato Nacional de Handebol"}}, {"model": "championship.campeonato", "pk": 2, "fields": {"nome": "Brasileirão"}}, {"model": "championship.edicao", "pk": 1, "fields": {"ano": 2021, "campeonato": 1, "time": [1, 2, 3, 4, 5, 6, 7, 8]}}, {"model": "championship.edicao", "pk": 2, "fields": {"ano": 2022, "campeonato": 1, "time": [1, 2, 3, 4, 5, 6, 7, 8]}}, {"model": "championship.edicao", "pk": 3, "fields": {"ano": 2023, "campeonato": 1, "time": [1, 2, 3, 4, 5, 6, 7, 8]}}, {"model": "championship.edicao", "pk": 4, "fields": {"ano": 2024, "campeonato": 1, "time": [1, 2, 3, 4, 5, 6, 7, 8]}}, {"model": "championship.edicao", "pk": 5, "fields": {"ano": 2025, "campeonato": 1, "time": [1, 2, 3, 4, 5, 6, 7, 8]}}, {"model": "championship.partida", "pk": 1, "fields": {"edicao": 1, "data": "2021-01-02T00:00:00Z", "time_mandante": 1, "time_visitante": 2, "placar_mandante": 20, "placar_visitante": 22}}, {"model": "championship.partida", "pk": 2, "fields": {"edicao": 1, "data": "2021-01-03T00:00:00Z", "time_mandante": 2, "time_visitante": 1, "placar_mandante": 25, "placar_visitante": 35}}, {"model": "championship.partida", "pk": 3, "fields": {"edicao": 1, "data": "2021-01-04T00:00:00Z", "time_mandante": 1, "time_visitante": 3, "placar_mandante": 28, "placar_visitante": 34}}, {"model": "championship.partida", "pk": 4, "fields": {"edicao": 1, "data": "2021-01-05T00:00:00Z", "time_mandante": 3, "time_visitante": 1, "placar_mandante": 27, "placar_visitante": 35}}, {"model": "championship.partida", "pk": 5, "fields": {"edicao": 1, "data": "2021-01-06T00:00:00Z", "time_mandante": 1, "time_visitante": 4, "placar_mandante": 27, "placar_visitante": 35}}, {"model": "championship.partida", "pk": 6, "fields": {"edicao": 1, "data": "2021-01-07T00:00:00Z", "time_mandante": 4, "time_visitante": 1, "placar_mandante": 33, "placar_visitante": 20}}, {"model": "championship.partida", "pk": 7, "fields": {"edicao": 1, "data": "2021-01-08T00:00:00Z", "time_mandante": 1, "time_visitante": 5, "placar_mandante": 24, "placar_visitante": 26}}, {"model": "championship.partida", "pk": 8, "fields": {"edicao": 1, "data": "2021-01-09T00:00:00Z", "time_mandante": 5, "time_visitante": 1, "placar_mandante": 33, "placar_visitante": 31}}, {"model": "championship.partida", "pk": 9, "fields": {"edicao": 1, "data": "2021-01-10T00:00:00Z", "time_mandante": 1, "time_visitante": 6, "placar_mandante": 28, "placar_visitante": 23}}, {"model": "championship.partida", "pk": 10, "fields": {"edicao": 1, "data": "2021-01-11T00:00:00Z", "time_mandante": 6, "time_visitante": 1, "placar_mandante": 34, "placar_visitante": 30}}, {"model": "championship.partida", "pk": 11, "fields": {"edicao": 1, "data": "2021-01-12T00:00:00Z", "time_mandante": 1, "time_visitante": 7, "placar_mandante": 24, "placar_visitante": 21}}, {"model": "championship.partida", "pk": 12, "fields": {"edicao": 1, "data": "2021-01-13T00:00:00Z", "time_mandante": 7, "time_visitante": 1, "placar_mandante": 32, "placar_visitante": 28}}, {"model": "championship.partida", "pk": 13, "fields": {"edicao": 1, "data": "2021-01-14T00:00:00Z", "time_mandante": 1, "time_visitante": 8, "placar_mandante": 32, "placar_visitante": 29}}, {"model": "championship.partida", "pk": 14, "fields": {"edicao": 1, "data": "2021-01-15T00:00:00Z", "time_mandante": 8, "time_visitante": 1, "placar_mandante": 21, "placar_visitante": 29}}, {"model": "championship.partida", "pk": 15, "fields": {"edicao": 1, "data": "2021-01-16T00:00:00Z", "time_mandante": 2, "time_visitante": 3, "placar_mandante": 30, "placar_visitante": 20}}, {"model": "championship.partida", "pk": 16, "fields": {"edicao": 1, "data": "2021-01-17T00:00:00Z", "time_mandante": 3, "time_visitante": 2, "placar_mandante": 31, "placar_visitante": 28}}, {"model": "championship.partida", "pk": 17, "fields": {"edicao": 1, "data": "2021-01-18T00:00:00Z", "time_mandante": 2, "time_visitante": 4, "placar_mandante": 20, "placar_visitante": 20}}, {"model": "championship.partida", "pk": 18, "fields": {"edicao": 1, "data": "2021-01-19T00:00:00Z", "time_mandante": 4, "time_visitante": 2, "placar_mandante": 24, "placar_visitante": 32}}, {"model": "championship.partida", "pk": 19, "fields": {"edicao": 1, "data": "2021-01-20T00:00:00Z", "time_mandante": 2, "time_visitante": 5, "placar_mandante": 34, "placar_visitante": 23}}, {"model": "championship.partida", "pk": 20, "fields": {"edicao": 1, "data": "2021-01-21T00:00:00Z", "time_mandante": 5, "time_visitante": 2, "placar_mandante": 25, "placar_visitante": 31}}, {"model": "championship.partida", "pk": 21, "fields": {"edicao": 1, "data": "2021-01-22T00:00:00Z", "time_mandante": 2, "time_visitante": 6, "placar_mandante": 30, "placar_visitante": 35}}, {"model": "championship.partida", "pk": 22, "fields": {"edicao": 1, "data": "2021-01-23T00:00:00Z", "time_mandante": 6, "time_visitante": 2, "placar_mandante": 27, "placar_visitante": 21}}, {"model": "championship.partida", "pk": 23, "fields": {"edicao": 1, "data": "2021-01-24T00:00:00Z", "time_mandante": 2, "time_visitante": 7, "placar_mandante": 27, "placar_visitante": 24}}, {"model": "championship.partida", "pk": 24, "fields": {"edicao": 1, "data": "2021-01-25T00:00:00Z", "time_mandante": 7, "time_visitante": 2, "placar_mandante": 21, "placar_visitante": 32}}, {"model": "championship.partida", "pk": 25, "fields": {"edicao": 1, "data": "2021-01-26T00:00:00Z", "time_mandante": 2, "time_visitante": 8, "placar_mandante": 32, "placar_visitante": 31}}, {"model": "championship.partida", "pk": 26, "fields": {"edicao": 1, "data": "2021-01-27T00:00:00Z", "time_mandante": 8, "time_visitante": 2, "placar_mandante": 34, "placar_visitante": 25}}, {"model": "championship.partida", "pk": 27, "fields": {"edicao": 1, "data": "2021-01-28T00:00:00Z", "time_mandante": 3, "time_visitante": 4, "placar_mandante": 25, "placar_visitante": 35}}, {"model": "championship.partida", "pk": 28, "fields": {"edicao": 1, "data": "2021-01-29T00:00:00Z", "time_mandante": 4, "time_visitante": 3, "placar_mandante": 32, "placar_visitante": 20}}, {"model": "championship.partida", "pk": 29, "fields": {"edicao": 1, "data": "2021-01-30T00:00:00Z", "time_mandante": 3, "time_visitante": 5, "placar_mandante": 27, "placar_visitante": 26}}, {"model": "championship.partida", "pk": 30, "fields": {"edicao": 1, "data": "2021-01-31T00:00:00Z", "time_mandante": 5, "time_visitante": 3, "placar_mandante": 21, "placar_visitante": 27}}, {"model": "championship.partida", "pk": 31, "fields": {"edicao": 1, "data": "2021-02-01T00:00:00Z", "time_mandante": 3, "time_visitante": 6, "placar_mandante": 33, "placar_visitante": 29}}, {"model": "championship.partida", "pk": 32, "fields": {"edicao": 1, "data": "2021-02-02T00:00:00Z", "time_mandante": 6, "time_visitante": 3, "placar_mandante": 33, "placar_visitante": 31}}, {"model": "championship.partida", "pk": 33, "fields": {"edicao": 1, "data": "2021-02-03T00:00:00Z", "time_mandante": 3, "time_visitante": 7, "placar_mandante": 27, "placar_visitante": 35}}, {"model": "championship.partida", "pk": 34, "fields": {"edicao": 1, "data": "2021-02-04T00:00:00Z", "time_mandante": 7, "time_visitante": 3, "placar_mandante": 31, "placar_visitante": 24}}, {"model": "championship.partida", "pk": 35, "fields": {"edicao": 1, "data": "2021-02-05T00:00:00Z", "time_mandante": 3, "time_visitante": 8, "placar_mandante": 32, "placar_visitante": 32}}, {"model": "championship.partida", "pk": 36, "fields": {"edicao": 1, "data": "2021-02-06T00:00:00Z", "time_mandante": 8, "time_visitante": 3, "placar_mandante": 20, "placar_visitante": 20}}, {"model": "championship.partida", "pk": 37, "fields": {"edicao": 1, "data": "2021-02-07T00:00:00Z", "time_mandante": 4, "time_visitante": 5, "placar_mandante": 34, "placar_visitante": 23}}, {"model": "championship.partida", "pk": 38, "fields": {"edicao": 1, "data": "2021-02-08T00:00:00Z", "time_mandante": 5, "time_visitante": 4, "placar_mandante": 23, "placar_visitante": 35}}, {"model": "championship.partida", "pk": 39, "fields": {"edicao": 1, "data": "2021-02-09T00:00:00Z", "time_mandante": 4, "time_visitante": 6, "placar_mandante": 33, "placar_visitante": 21}}, {"model": "championship.partida", "pk": 40, "fields": {"edicao": 1, "data": "2021-02-10T00:00:00Z", "time_mandante": 6, "time_visitante": 4, "placar_mandante": 20, "placar_visitante": 31}}, {"model": "championship.partida", "pk": 41, "fields": {"edicao": 1, "data": "2021-02-11T00:00:00Z", "time_mandante": 4, "time_visitante": 7, "placar_mandante": 26, "placar_visitante": 21}}, {"model": "championship.partida", "pk": 42, "fields": {"edicao": 1, "data": "2021-02-12T00:00:00Z", "time_mandante": 7, "time_visitante": 4, "placar_mandante": 25, "placar_visitante": 35}}, {"model": "championship.partida", "pk": 43, "fields": {"edicao": 1, "data": "2021-02-13T00:00:00Z", "time_mandante": 4, "time_visitante": 8, "placar_mandante": 35, "placar_visitante": 35}}, {"model": "championship.partida", "pk": 44, "fields": {"edicao": 1, "data": "2021-02-14T00:00:00Z", "time_mandante": 8, "time_visitante": 4, "placar_mandante": 34, "placar_visitante": 25}}, {"model": "championship.partida", "pk": 45, "fields": {"edicao": 1, "data": "2021-02-15T00:00:00Z", "time_mandante": 5, "time_visitante": 6, "placar_mandante": 35, "placar_visitante": 24}}, {"model": "championship.partida", "pk": 46, "fields": {"edicao": 1, "data": "2021-02-16T00:00:00Z", "time_mandante": 6, "time_visitante": 5, "placar_mandante": 24, "placar_visitante": 20}}, {"model": "championship.partida", "pk": 47, "fields": {"edicao": 1, "data": "2021-02-17T00:00:00Z", "time_mandante": 5, "time_visitante": 7, "placar_mandante": 29, "placar_visitante": 30}}, {"model": "championship.partida", "pk": 48, "fields": {"edicao": 1, "data": "2021-02-18T00:00:00Z", "time_mandante": 7, "time_visitante": 5, "placar_mandante": 24, "placar_visitante": 25}}, {"model": "championship.partida", "pk": 49, "fields": {"edicao": 1, "data": "2021-02-19T00:00:00Z", "time_mandante": 5, "time_visitante": 8, "placar_mandante": 21, "placar_visitante": 32}}, {"model": "championship.partida", "pk": 50, "fields": {"edicao": 1, "data": "2021-02-20T00:00:00Z", "time_mandante": 8, "time_visitante": 5, "placar_mandante": 27, "placar_visitante": 33}}, {"model": "championship.partida", "pk": 51, "fields": {"edicao": 1, "data": "2021-02-21T00:00:00Z", "time_mandante": 6, "time_visitante": 7, "placar_mandante": 32, "placar_visitante": 34}}, {"model": "championship.partida", "pk": 52, "fields": {"edicao": 1, "data": "2021-02-22T00:00:00Z", "time_mandante": 7, "time_visitante": 6, "placar_mandante": 26, "placar_visitante": 34}}, {"model": "championship.partida", "pk": 53, "fields": {"edicao": 1, "data": "2021-02-23T00:00:00Z", "time_mandante": 6, "time_visitante": 8, "placar_mandante": 20, "placar_visitante": 20}}, {"model": "championship.partida", "pk": 54, "fields": {"edicao": 1, "data": "2021-02-24T00:00:00Z", "time_mandante": 8, "time_visitante": 6, "placar_mandante": 30, "placar_visitante": 32}}, {"model": "championship.partida", "pk": 55, "fields": {"edicao": 1, "data": "2021-02-25T00:00:00Z", "time_mandante": 7, "time_visitante": 8, "placar_mandante": 32, "placar_visitante": 34}}, {"model": "championship.partida", "pk": 56, "fields": {"edicao": 1, "data": "2021-02-26T00:00:00Z", "time_mandante": 8, "time_visitante": 7, "placar_mandante": 26, "placar_visitante": 29}}, {"model": "championship.partida", "pk": 57, "fields": {"edicao": 2, "data": "2022-02-27T00:00:00Z", "time_mandante": 1, "time_visitante": 2, "placar_mandante": 31, "placar_visitante": 23}}, {"model": "championship.partida", "pk": 58, "fields": {"edicao": 2, "data": "2022-02-28T00:00:00Z", "time_mandante": 2, "time_visitante": 1, "placar_mandante": 33, "placar_visitante": 27}}, {"model": "championship.partida", "pk": 59, "fields": {"edicao": 2, "data": "2022-03-01T00:00:00Z", "time_mandante": 1, "time_visitante": 3, "placar_mandante": 24, "placar_visitante": 24}}, {"model": "championship.partida", "pk": 60, "fields": {"edicao": 2, "data": "2022-03-02T00:00:00Z", "time_mandante": 3, "time_visitante": 1, "placar_mandante": 26, "placar_visitante": 24}}, {"model": "championship.partida", "pk": 61, "fields": {"edicao": 2, "data": "2022-03-03T00:00:00Z", "time_mandante": 1, "time_visitante": 4, "placar_mandante": 24, "placar_visitante": 25}}, {"model": "championship.partida", "pk": 62, "fields": {"edicao": 2, "data": "2022-03-04T00:00:00Z", "time_mandante": 4, "time_visitante": 1, "placar_mandante": 25, "placar_visitante": 22}}, {"model": "championship.partida", "pk": 63, "fields": {"edicao": 2, "data": "2022-03-05T00:00:00Z", "time_mandante": 1, "time_visitante": 5, "placar_mandante": 22, "placar_visitante": 22}}, {"model": "championship.partida", "pk": 64, "fields": {"edicao": 2, "data": "2022-03-06T00:00:00Z", "time_mandante": 5, "time_visitante": 1, "placar_mandante": 27, "placar_visitante": 25}}, {"model": "championship.partida", "pk": 65, "fields": {"edicao": 2, "data": "2022-03-07T00:00:00Z", "time_mandante": 1, "time_visitante": 6, "placar_mandante": 23, "placar_visitante": 29}}, {"model": "championship.partida", "pk": 66, "fields": {"edicao": 2, "data": "2022-03-08T00:00:00Z", "time_mandante": 6, "time_visitante": 1, "placar_mandante": 30, "placar_visitante": 32}}, {"model": "championship.partida", "pk": 67, "fields": {"edicao": 2, "data": "2022-03-09T00:00:00Z", "time_mandante": 1, "time_visitante": 7, "placar_mandante": 20, "placar_visitante": 29}}, {"model": "championship.partida", "pk": 68, "fields": {"edicao": 2, "data": "2022-03-10T00:00:00Z", "time_mandante": 7, "time_visitante": 1, "placar_mandante": 25, "placar_visitante": 24}}, {"model": "championship.partida", "pk": 69, "fields": {"edicao": 2, "data": "2022-03-11T00:00:00Z", "time_mandante": 1, "time_visitante": 8, "placar_mandante": 25, "placar_visitante": 22}}, {"model": "championship.partida", "pk": 70, "fields": {"edicao": 2, "data": "2022-03-12T00:00:00Z", "time_mandante": 8, "time_visitante": 1, "placar_mandante": 30, "placar_visitante": 27}}, {"model": "championship.partida", "pk": 71, "fields": {"edicao": 2, "data": "2022-03-13T00:00:00Z", "time_mandante": 2, "time_visitante": 3, "placar_mandante": 24, "placar_visitante": 20}}, {"model": "championship.partida", "pk": 72, "fields": {"edicao": 2, "data": "2022-03-14T00:00:00Z", "time_mandante": 3, "time_visitante": 2, "placar_mandante": 27, "placar_visitante": 20}}, {"model": "championship.partida", "pk": 73, "fields": {"edicao": 2, "data": "2022-03-15T00:00:00Z", "time_mandante": 2, "time_visitante": 4, "placar_mandante": 25, "placar_visitante": 34}}, {"model": "championship.partida", "pk": 74, "fields": {"edicao": 2, "data": "2022-03-16T00:00:00Z", "time_mandante": 4, "time_visitante": 2, "placar_mandante": 27, "placar_visitante": 25}}, {"model": "championship.partida", "pk": 75, "fields": {"edicao": 2, "data": "2022-03-17T00:00:00Z", "time_mandante": 2, "time_visitante": 5, "placar_mandante": 30, "placar_visitante": 32}}, {"model": "championship.partida", "pk": 76, "fields": {"edicao": 2, "data": "2022-03-18T00:00:00Z", "time_mandante": 5, "time_visitante": 2, "placar_mandante": 21, "placar_visitante": 30}}, {"model": "championship.partida", "pk": 77, "fields": {"edicao": 2, "data": "2022-03-19T00:00:00Z", "time_mandante": 2, "time_visitante": 6, "placar_mandante": 35, "placar_visitante": 35}}, {"model": "championship.partida", "pk": 78, "fields": {"edicao": 2, "data": "2022-03-20T00:00:00Z", "time_mandante": 6, "time_visitante": 2, "placar_mandante": 20, "placar_visitante": 21}}, {"model": "championship.partida", "pk": 79, "fields": {"edicao": 2, "data": "2022-03-21T00:00:00Z", "time_mandante": 2, "time_visitante": 7, "placar_mandante": 31, "placar_visitante": 30}}, {"model": "championship.partida", "pk": 80, "fields": {"edicao": 2, "data": "2022-03-22T00:00:00Z", "time_mandante": 7, "time_visitante": 2, "placar_mandante": 32, "placar_visitante": 23}}, {"model": "championship.partida", "pk": 81, "fields": {"edicao": 2, "data": "2022-03-23T00:00:00Z", "time_mandante": 2, "time_visitante": 8, "placar_mandante": 34, "placar_visitante": 30}}, {"model": "championship.partida", "pk": 82, "fields": {"edicao": 2, "data": "2022-03-24T00:00:00Z", "time_mandante": 8, "time_visitante": 2, "placar_mandante": 28, "placar_visitante": 30}}, {"model": "championship.partida", "pk": 83, "fields": {"edicao": 2, "data": "2022-03-25T00:00:00Z", "time_mandante": 3, "time_visitante": 4, "placar_mandante": 32, "placar_visitante": 26}}, {"model": "championship.partida", "pk": 84, "fields": {"edicao": 2, "data": "2022-03-26T00:00:00Z", "time_mandante": 4, "time_visitante": 3, "placar_mandante": 26, "placar_visitante": 20}}, {"model": "championship.partida", "pk": 85, "fields": {"edicao": 2, "data": "2022-03-27T00:00:00Z", "time_mandante": 3, "time_visitante": 5, "placar_mandante": 27, "placar_visitante": 26}}, {"model": "championship.partida", "pk": 86, "fields": {"edicao": 2, "data": "2022-03-28T00:00:00Z", "time_mandante": 5, "time_visitante": 3, "placar_mandante": 33, "placar_visitante": 21}}, {"model": "championship.partida", "pk": 87, "fields": {"edicao": 2, "data": "2022-03-29T00:00:00Z", "time_mandante": 3, "time_visitante": 6, "placar_mandante": 30, "placar_visitante": 35}}, {"model": "championship.partida", "pk": 88, "fields": {"edicao": 2, "data": "2022-03-30T00:00:00Z", "time_mandante": 6, "time_visitante": 3, "placar_mandante": 26, "placar_visitante": 35}}, {"model": "championship.partida", "pk": 89, "fields": {"edicao": 2, "data": "2022-03-31T00:00:00Z", "time_mandante": 3, "time_visitante": 7, "placar_mandante": 32, "placar_visitante": 20}}, {"model": "championship.partida", "pk": 90, "fields": {"edicao": 2, "data": "2022-04-01T00:00:00Z", "time_mandante": 7, "time_visitante": 3, "placar_mandante": 21, "placar_visitante": 28}}, {"model": "championship.partida", "pk": 91, "fields": {"edicao": 2, "data": "2022-04-02T00:00:00Z", "time_mandante": 3, "time_visitante": 8, "placar_mandante": 29, "placar_visitante": 27}}, {"model": "championship.partida", "pk": 92, "fields": {"edicao": 2, "data": "2022-04-03T00:00:00Z", "time_mandante": 8, "time_visitante": 3, "placar_mandante": 21, "placar_visitante": 22}}, {"model": "championship.partida", "pk": 93, "fields": {"edicao": 2, "data": "2022-04-04T00:00:00Z", "time_mandante": 4, "time_visitante": 5, "placar_mandante": 35, "placar_visitante": 23}}, {"model": "championship.partida", "pk": 94, "fields": {"edicao": 2, "data": "2022-04-05T00:00:00Z", "time_mandante": 5, "time_visitante": 4, "placar_mandante": 31, "placar_visitante": 28}}, {"model": "championship.partida", "pk": 95, "fields": {"edicao": 2, "data": "2022-04-06T00:00:00Z", "time_mandante": 4, "time_visitante": 6, "placar_mandante": 26, "placar_visitante": 33}}, {"model": "championship.partida", "pk": 96, "fields": {"edicao": 2, "data": "2022-04-07T00:00:00Z", "time_mandante": 6, "time_visitante": 4, "placar_mandante": 30, "placar_visitante": 25}}, {"model": "championship.partida", "pk": 97, "fields": {"edicao": 2, "data": "2022-04-08T00:00:00Z", "time_mandante": 4, "time_visitante": 7, "placar_mandante": 26, "placar_visitante": 30}}, {"model": "championship.partida", "pk": 98, "fields": {"edicao": 2, "data": "2022-04-09T00:00:00Z", "time_mandante": 7, "time_visitante": 4, "placar_mandante": 20, "placar_visitante": 20}}, {"model": "championship.partida", "pk": 99, "fields": {"edicao": 2, "data": "2022-04-10T00:00:00Z", "time_mandante": 4, "time_visitante": 8, "placar_mandante": 30, "placar_visitante": 20}}, {"model": "championship.partida", "pk": 100, "fields": {"edicao": 2, "data": "2022-04-11T00:00:00Z", "time_mandante": 8, "time_visitante": 4, "placar_mandante": 23, "placar_visitante": 34}}, {"model": "championship.partida", "pk": 101, "fields": {"edicao": 2, "data": "2022-04-12T00:00:00Z", "time_mandante": 5, "time_visitante": 6, "placar_mandante": 23, "placar_visitante": 25}}, {"model": "championship.partida", "pk": 102, "fields": {"edicao": 2, "data": "2022-04-13T00:00:00Z", "time_mandante": 6, "time_visitante": 5, "placar_mandante": 24, "placar_visitante": 27}}, {"model": "championship.partida", "pk": 103, "fields": {"edicao": 2, "data": "2022-04-14T00:00:00Z", "time_mandante": 5, "time_visitante": 7, "placar_mandante": 25, "placar_visitante": 28}}, {"model": "championship.partida", "pk": 104, "fields": {"edicao": 2, "data": "2022-04-15T00:00:00Z", "time_mandante": 7, "time_visitante": 5, "placar_mandante": 34, "placar_visitante": 32}}, {"model": "championship.partida", "pk": 105, "fields": {"edicao": 2, "data": "2022-04-16T00:00:00Z", "time_mandante": 5, "time_visitante": 8, "placar_mandante": 32, "placar_visitante": 29}}, {"model": "championship.partida", "pk": 106, "fields": {"edicao": 2, "data": "2022-04-17T00:00:00Z", "time_mandante": 8, "time_visitante": 5, "placar_mandante": 23, "placar_visitante": 25}}, {"model": "championship.partida", "pk": 107, "fields": {"edicao": 2, "data": "2022-04-18T00:00:00Z", "time_mandante": 6, "time_visitante": 7, "placar_mandante": 32, "placar_visitante": 22}}, {"model": "championship.partida", "pk": 108, "fields": {"edicao": 2, "data": "2022-04-19T00:00:00Z", "time_mandante": 7, "time_visitante": 6, "placar_mandante": 27, "placar_visitante": 20}}, {"model": "championship.partida", "pk": 109, "fields": {"edicao": 2, "data": "2022-04-20T00:00:00Z", "time_mandante": 6, "time_visitante": 8, "placar_mandante": 20, "placar_visitante": 25}}, {"model": "championship.partida", "pk": 110, "fields": {"edicao": 2, "data": "2022-04-21T00:00:00Z", "time_mandante": 8, "time_visitante": 6, "placar_mandante": 32, "placar_visitante": 35}}, {"model": "championship.partida", "pk": 111, "fields": {"edicao": 2, "data": "2022-04-22T00:00:00Z", "time_mandante": 7, "time_visitante": 8, "placar_mandante": 23, "placar_visitante": 20}}, {"model": "championship.partida", "pk": 112, "fields": {"edicao": 2, "data": "2022-04-23T00:00:00Z", "time_mandante": 8, "time_visitante": 7, "placar_mandante": 31, "placar_visitante": 33}}, {"model": "championship.partida", "pk": 113, "fields": {"edicao": 3, "data": "2023-04-24T00:00:00Z", "time_mandante": 1, "time_visitante": 2, "placar_mandante": 20, "placar_visitante": 23}}, {"model": "championship.partida", "pk": 114, "fields": {"edicao": 3, "data": "2023-04-25T00:00:00Z", "time_mandante": 2, "time_visitante": 1, "placar_mandante": 30, "placar_visitante": 22}}, {"model": "championship.partida", "pk": 115, "fields": {"edicao": 3, "data": "2023-04-26T00:00:00Z", "time_mandante": 1, "time_visitante": 3, "placar_mandante": 21, "placar_visitante": 23}}, {"model": "championship.partida", "pk": 116, "fields": {"edicao": 3, "data": "2023-04-27T00:00:00Z", "time_mandante": 3, "time_visitante": 1, "placar_mandante": 20, "placar_visitante": 26}}, {"model": "championship.partida", "pk": 117, "fields": {"edicao": 3, "data": "2023-04-28T00:00:00Z", "time_mandante": 1, "time_visitante": 4, "placar_mandante": 31, "placar_visitante": 28}}, {"model": "championship.partida", "pk": 118, "fields": {"edicao": 3, "data": "2023-04-29T00:00:00Z", "time_mandante": 4, "time_visitante": 1, "placar_mandante": 32, "placar_visitante": 31}}, {"model": "championship.partida", "pk": 119, "fields": {"edicao": 3, "data": "2023-04-30T00:00:00Z", "time_mandante": 1, "time_visitante": 5, "placar_mandante": 22, "placar_visitante": 26}}, {"model": "championship.partida", "pk": 120, "fields": {"edicao": 3, "data": "2023-05-01T00:00:00Z", "time_mandante": 5, "time_visitante": 1, "placar_mandante": 24, "placar_visitante": 29}}, {"model": "championship.partida", "pk": 121, "fields": {"edicao": 3, "data": "2023-05-02T00:00:00Z", "time_mandante": 1, "time_visitante": 6, "placar_mandante": 33, "placar_visitante": 23}}, {"model": "championship.partida", "pk": 122, "fields": {"edicao": 3, "data": "2023-05-03T00:00:00Z", "time_mandante": 6, "time_visitante": 1, "placar_mandante": 30, "placar_visitante": 20}}, {"model": "championship.partida", "pk": 123, "fields": {"edicao": 3, "data": "2023-05-04T00:00:00Z", "time_mandante": 1, "time_visitante": 7, "placar_mandante": 29, "placar_visitante": 26}}, {"model": "championship.partida", "pk": 124, "fields": {"edicao": 3, "data": "2023-05-05T00:00:00Z", "time_mandante": 7, "time_visitante": 1, "placar_mandante": 20, "placar_visitante": 34}}, {"model": "championship.partida", "pk": 125, "fields": {"edicao": 3, "data": "2023-05-06T00:00:00Z", "time_mandante": 1, "time_visitante": 8, "placar_mandante": 25, "placar_visitante": 31}}, {"model": "championship.partida", "pk": 126, "fields": {"edicao": 3, "data": "2023-05-07T00:00:00Z", "time_mandante": 8, "time_visitante": 1, "placar_mandante": 26, "placar_visitante": 27}}, {"model": "championship.partida", "pk": 127, "fields": {"edicao": 3, "data": "2023-05-08T00:00:00Z", "time_mandante": 2, "time_visitante": 3, "placar_mandante": 24, "placar_visitante": 22}}, {"model": "championship.partida", "pk": 128, "fields": {"edicao": 3, "data": "2023-05-09T00:00:00Z", "time_mandante": 3, "time_visitante": 2, "placar_mandante": 20, "placar_visitante": 35}}, {"model": "championship.partida", "pk": 129, "fields": {"edicao": 3, "data": "2023-05-10T00:00:00Z", "time_mandante": 2, "time_visitante": 4, "placar_mandante": 27, "placar_visitante": 27}}, {"model": "championship.partida", "pk": 130, "fields": {"edicao": 3, "data": "2023-05-11T00:00:00Z", "time_mandante": 4, "time_visitante": 2, "placar_mandante": 22, "placar_visitante": 25}}, {"model": "championship.partida", "pk": 131, "fields": {"edicao": 3, "data": "2023-05-12T00:00:00Z", "time_mandante": 2, "time_visitante": 5, "placar_mandante": 32, "placar_visitante": 21}}, {"model": "championship.partida", "pk": 132, "fields": {"edicao": 3, "data": "2023-05-13T00:00:00Z", "time_mandante": 5, "time_visitante": 2, "placar_mandante": 25, "placar_visitante": 35}}, {"model": "championship.partida", "pk": 133, "fields": {"edicao": 3, "data": "2023-05-14T00:00:00Z", "time_mandante": 2, "time_visitante": 6, "placar_mandante": 20, "placar_visitante": 29}}, {"model": "championship.partida", "pk": 134, "fields": {"edicao": 3, "data": "2023-05-15T00:00:00Z", "time_mandante": 6, "time_visitante": 2, "placar_mandante": 31, "placar_visitante": 30}}, {"model": "championship.partida", "pk": 135, "fields": {"edicao": 3, "data": "2023-05-16T00:00:00Z", "time_mandante": 2, "time_visitante": 7, "placar_mandante": 31, "placar_visitante": 29}}, {"model": "championship.partida", "pk": 136, "fields": {"edicao": 3, "data": "2023-05-17T00:00:00Z", "time_mandante": 7, "time_visitante": 2, "placar_mandante": 32, "placar_visitante": 27}}, {"model": "championship.partida", "pk": 137, "fields": {"edicao": 3, "data": "2023-05-18T00:00:00Z", "time_mandante": 2, "time_visitante": 8, "placar_mandante": 34, "placar_visitante": 31}}, {"model": "championship.partida", "pk": 138, "fields": {"edicao": 3, "data": "2023-05-19T00:00:00Z", "time_mandante": 8, "time_visitante": 2, "placar_mandante": 33, "placar_visitante": 25}}, {"model": "championship.partida", "pk": 139, "fields": {"edicao": 3, "data": "2023-05-20T00:00:00Z", "time_mandante": 3, "time_visitante": 4, "placar_mandante": 22, "placar_visitante": 22}}, {"model": "championship.partida", "pk": 140, "fields": {"edicao": 3, "data": "2023-05-21T00:00:00Z", "time_mandante": 4, "time_visitante": 3, "placar_mandante": 29, "placar_visitante": 21}}, {"model": "championship.partida", "pk": 141, "fields": {"edicao": 3, "data": "2023-05-22T00:00:00Z", "time_mandante": 3, "time_visitante": 5, "placar_mandante": 30, "placar_visitante": 30}}, {"model": "championship.partida", "pk": 142, "fields": {"edicao": 3, "data": "2023-05-23T00:00:00Z", "time_mandante": 5, "time_visitante": 3, "placar_mandante": 20, "placar_visitante": 32}}, {"model": "championship.partida", "pk": 143, "fields": {"edicao": 3, "data": "2023-05-24T00:00:00Z", "time_mandante": 3, "time_visitante": 6, "placar_mandante": 33, "placar_visitante": 25}}, {"model": "championship.partida", "pk": 144, "fields": {"edicao": 3, "data": "2023-05-25T00:00:00Z", "time_mandante": 6, "time_visitante": 3, "placar_mandante": 31, "placar_visitante": 28}}, {"model": "championship.partida", "pk": 145, "fields": {"edicao": 3, "data": "2023-05-26T00:00:00Z", "time_mandante": 3, "time_visitante": 7, "placar_mandante": 26, "placar_visitante": 33}}, {"model": "championship.partida", "pk": 146, "fields": {"edicao": 3, "data": "2023-05-27T00:00:00Z", "time_mandante": 7, "time_visitante": 3, "placar_mandante": 22, "placar_visitante": 34}}, {"model": "championship.partida", "pk": 147, "fields": {"edicao": 3, "data": "2023-05-28T00:00:00Z", "time_mandante": 3, "time_visitante": 8, "placar_mandante": 31, "placar_visitante": 33}}, {"model": "championship.partida", "pk": 148, "fields": {"edicao": 3, "data": "2023-05-29T00:00:00Z", "time_mandante": 8, "time_visitante": 3, "placar_mandante": 30, "placar_visitante": 30}}, {"model": "championship.partida", "pk": 149, "fields": {"edicao": 3, "data": "2023-05-30T00:00:00Z", "time_mandante": 4, "time_visitante": 5, "placar_mandante": 31, "placar_visitante": 35}}, {"model": "championship.partida", "pk": 150, "fields": {"edicao": 3, "data": "2023-05-31T00:00:00Z", "time_mandante": 5, "time_visitante": 4, "placar_mandante": 21, "placar_visitante": 21}}, {"model": "championship.partida", "pk": 151, "fields": {"edicao": 3, "data": "2023-06-01T00:00:00Z", "time_mandante": 4, "time_visitante": 6, "placar_mandante": 29, "placar_visitante": 31}}, {"model": "championship.partida", "pk": 152, "fields": {"edicao": 3, "data": "2023-06-02T00:00:00Z", "time_mandante": 6, "time_visitante": 4, "placar_mandante": 31, "placar_visitante": 21}}, {"model": "championship.partida", "pk": 153, "fields": {"edicao": 3, "data": "2023-06-03T00:00:00Z", "time_mandante": 4, "time_visitante": 7, "placar_mandante": 27, "placar_visitante": 23}}, {"model": "championship.partida", "pk": 154, "fields": {"edicao": 3, "data": "2023-06-04T00:00:00Z", "time_mandante": 7, "time_visitante": 4, "placar_mandante": 25, "placar_visitante": 29}}, {"model": "championship.partida", "pk": 155, "fields": {"edicao": 3, "data": "2023-06-05T00:00:00Z", "time_mandante": 4, "time_visitante": 8, "placar_mandante": 25, "placar_visitante": 30}}, {"model": "championship.partida", "pk": 156, "fields": {"edicao": 3, "data": "2023-06-06T00:00:00Z", "time_mandante": 8, "time_visitante": 4, "placar_mandante": 34, "placar_visitante": 33}}, {"model": "championship.partida", "pk": 157, "fields": {"edicao": 3, "data": "2023-06-07T00:00:00Z", "time_mandante": 5, "time_visitante": 6, "placar_mandante": 33, "placar_visitante": 34}}, {"model": "championship.partida", "pk": 158, "fields": {"edicao": 3, "data": "2023-06-08T00:00:00Z", "time_mandante": 6, "time_visitante": 5, "placar_mandante": 23, "placar_visitante": 32}}, {"model": "championship.partida", "pk": 159, "fields": {"edicao": 3, "data": "2023-06-09T00:00:00Z", "time_mandante": 5, "time_visitante": 7, "placar_mandante": 33, "placar_visitante": 31}}, {"model": "championship.partida", "pk": 160, "fields": {"edicao": 3, "data": "2023-06-10T00:00:00Z", "time_mandante": 7, "time_visitante": 5, "placar_mandante": 34, "placar_visitante": 25}}, {"model": "championship.partida", "pk": 161, "fields": {"edicao": 3, "data": "2023-06-11T00:00:00Z", "time_mandante": 5, "time_visitante": 8, "placar_mandante": 22, "placar_visitante": 23}}, {"model": "championship.partida", "pk": 162, "fields": {"edicao": 3, "data": "2023-06-12T00:00:00Z", "time_mandante": 8, "time_visitante": 5, "placar_mandante": 21, "placar_visitante": 25}}, {"model": "championship.partida", "pk": 163, "fields": {"edicao": 3, "data": "2023-06-13T00:00:00Z", "time_mandante": 6, "time_visitante": 7, "placar_mandante": 35, "placar_visitante": 23}}, {"model": "championship.partida", "pk": 164, "fields": {"edicao": 3, "data": "2023-06-14T00:00:00Z", "time_mandante": 7, "time_visitante": 6, "placar_mandante": 27, "placar_visitante": 20}}, {"model": "championship.partida", "pk": 165, "fields": {"edicao": 3, "data": "2023-06-15T00:00:00Z", "time_mandante": 6, "time_visitante": 8, "placar_mandante": 35, "placar_visitante": 35}}, {"model": "championship.partida", "pk": 166, "fields": {"edicao": 3, "data": "2023-06-16T00:00:00Z", "time_mandante": 8, "time_visitante": 6, "placar_mandante": 21, "placar_visitante": 33}}, {"model": "championship.partida", "pk": 167, "fields": {"edicao": 3, "data": "2023-06-17T00:00:00Z", "time_mandante": 7, "time_visitante": 8, "placar_mandante": 25, "placar_visitante": 30}}, {"model": "championship.partida", "pk": 168, "fields": {"edicao": 3, "data": "2023-06-18T00:00:00Z", "time_mandante": 8, "time_visitante": 7, "placar_mandante": 25, "placar_visitante": 25}}, {"model": "championship.partida", "pk": 169, "fields": {"edicao": 4, "data": "2024-06-18T00:00:00Z", "time_mandante": 1, "time_visitante": 2, "placar_mandante": 33, "placar_visitante": 26}}, {"model": "championship.partida", "pk": 170, "fields": {"edicao": 4, "data": "2024-06-19T00:00:00Z", "time_mandante": 2, "time_visitante": 1, "placar_mandante": 30, "placar_visitante": 23}}, {"model": "championship.partida", "pk": 171, "fields": {"edicao": 4, "data": "2024-06-20T00:00:00Z", "time_mandante": 1, "time_visitante": 3, "placar_mandante": 21, "placar_visitante": 21}}, {"model": "championship.partida", "pk": 172, "fields": {"edicao": 4, "data": "2024-06-21T00:00:00Z", "time_mandante": 3, "time_visitante": 1, "placar_mandante": 29, "placar_visitante": 22}}, {"model": "championship.partida", "pk": 173, "fields": {"edicao": 4, "data": "2024-06-22T00:00:00Z", "time_mandante": 1, "time_visitante": 4, "placar_mandante": 25, "placar_visitante": 29}}, {"model": "championship.partida", "pk": 174, "fields": {"edicao": 4, "data": "2024-06-23T00:00:00Z", "time_mandante": 4, "time_visitante": 1, "placar_mandante": 29, "placar_visitante": 29}}, {"model": "championship.partida", "pk": 175, "fields": {"edicao": 4, "data": "2024-06-24T00:00:00Z", "time_mandante": 1, "time_visitante": 5, "placar_mandante": 34, "placar_visitante": 30}}, {"model": "championship.partida", "pk": 176, "fields": {"edicao": 4, "data": "2024-06-25T00:00:00Z", "time_mandante": 5, "time_visitante": 1, "placar_mandante": 26, "placar_visitante": 35}}, {"model": "championship.partida", "pk": 177, "fields": {"edicao": 4, "data": "2024-06-26T00:00:00Z", "time_mandante": 1, "time_visitante": 6, "placar_mandante": 27, "placar_visitante": 27}}, {"model": "championship.partida", "pk": 178, "fields": {"edicao": 4, "data": "2024-06-27T00:00:00Z", "time_mandante": 6, "time_visitante": 1, "placar_mandante": 28, "placar_visitante": 25}}, {"model": "championship.partida", "pk": 179, "fields": {"edicao": 4, "data": "2024-06-28T00:00:00Z", "time_mandante": 1, "time_visitante": 7, "placar_mandante": 32, "placar_visitante": 25}}, {"model": "championship.partida", "pk": 180, "fields": {"edicao": 4, "data": "2024-06-29T00:00:00Z", "time_mandante": 7, "time_visitante": 1, "placar_mandante": 35, "placar_visitante": 29}}, {"model": "championship.partida", "pk": 181, "fields": {"edicao": 4, "data": "2024-06-30T00:00:00Z", "time_mandante": 1, "time_visitante": 8, "placar_mandante": 35, "placar_visitante": 29}}, {"model": "championship.partida", "pk": 182, "fields": {"edicao": 4, "data": "2024-07-01T00:00:00Z", "time_mandante": 8, "time_visitante": 1, "placar_mandante": 24, "placar_visitante": 24}}, {"model": "championship.partida", "pk": 183, "fields": {"edicao": 4, "data": "2024-07-02T00:00:00Z", "time_mandante": 2, "time_visitante": 3, "placar_mandante": 21, "placar_visitante": 26}}, {"model": "championship.partida", "pk": 184, "fields": {"edicao": 4, "data": "2024-07-03T00:00:00Z", "time_mandante": 3, "time_visitante": 2, "placar_mandante": 29, "placar_visitante": 29}}, {"model": "championship.partida", "pk": 185, "fields": {"edicao": 4, "data": "2024-07-04T00:00:00Z", "time_mandante": 2, "time_visitante": 4, "placar_mandante": 23, "placar_visitante": 32}}, {"model": "championship.partida", "pk": 186, "fields": {"edicao": 4, "data": "2024-07-05T00:00:00Z", "time_mandante": 4, "time_visitante": 2, "placar_mandante": 30, "placar_visitante": 27}}, {"model": "championship.partida", "pk": 187, "fields": {"edicao": 4, "data": "2024-07-06T00:00:00Z", "time_mandante": 2, "time_visitante": 5, "placar_mandante": 35, "placar_visitante": 33}}, {"model": "championship.partida", "pk": 188, "fields": {"edicao": 4, "data": "2024-07-07T00:00:00Z", "time_mandante": 5, "time_visitante": 2, "placar_mandante": 20, "placar_visitante": 27}}, {"model": "championship.partida", "pk": 189, "fields": {"edicao": 4, "data": "2024-07-08T00:00:00Z", "time_mandante": 2, "time_visitante": 6, "placar_mandante": 26, "placar_visitante": 20}}, {"model": "championship.partida", "pk": 190, "fields": {"edicao": 4, "data": "2024-07-09T00:00:00Z", "time_mandante": 6, "time_visitante": 2, "placar_mandante": 24, "placar_visitante": 33}}, {"model": "championship.partida", "pk": 191, "fields": {"edicao": 4, "data": "2024-07-10T00:00:00Z", "time_mandante": 2, "time_visitante": 7, "placar_mandante": 23, "placar_visitante": 30}}, {"model": "championship.partida", "pk": 192, "fields": {"edicao": 4, "data": "2024-07-11T00:00:00Z", "time_mandante": 7, "time_visitante": 2, "placar_mandante": 30, "placar_visitante": 34}}, {"model": "championship.partida", "pk": 193, "fields": {"edicao": 4, "data": "2024-07-12T00:00:00Z", "time_mandante": 2, "time_visitante": 8, "placar_mandante": 29, "placar_visitante": 33}}, {"model": "championship.partida", "pk": 194, "fields": {"edicao": 4, "data": "2024-07-13T00:00:00Z", "time_mandante": 8, "time_visitante": 2, "placar_mandante": 27, "placar_visitante": 31}}, {"model": "championship.partida", "pk": 195, "fields": {"edicao": 4, "data": "2024-07-14T00:00:00Z", "time_mandante": 3, "time_visitante": 4, "placar_mandante": 28, "placar_visitante": 33}}, {"model": "championship.partida", "pk": 196, "fields": {"edicao": 4, "data": "2024-07-15T00:00:00Z", "time_mandante": 4, "time_visitante": 3, "placar_mandante": 33, "placar_visitante": 29}}, {"model": "championship.partida", "pk": 197, "fields": {"edicao": 4, "data": "2024-07-16T00:00:00Z", "time_mandante": 3, "time_visitante": 5, "placar_mandante": 30, "placar_visitante": 29}}, {"model": "championship.partida", "pk": 198, "fields": {"edicao": 4, "data": "2024-07-17T00:00:00Z", "time_mandante": 5, "time_visitante": 3, "placar_mandante": 27, "placar_visitante": 32}}, {"model": "championship.partida", "pk": 199, "fields": {"edicao": 4, "data": "2024-07-18T00:00:00Z", "time_mandante": 3, "time_visitante": 6, "placar_mandante": 35, "placar_visitante": 32}}, {"model": "championship.partida", "pk": 200, "fields": {"edicao": 4, "data": "2024-07-19T00:00:00Z", "time_mandante": 6, "time_visitante": 3, "placar_mandante": 20, "placar_visitante": 29}}, {"model": "championship.partida", "pk": 201, "fields": {"edicao": 4, "data": "2024-07-20T00:00:00Z", "time_mandante": 3, "time_visitante": 7, "placar_mandante": 22, "placar_visitante": 20}}, {"model": "championship.partida", "pk": 202, "fields": {"edicao": 4, "data": "2024-07-21T00:00:00Z", "time_mandante": 7, "time_visitante": 3, "placar_mandante": 31, "placar_visitante": 31}}, {"model": "championship.partida", "pk": 203, "fields": {"edicao": 4, "data": "2024-07-22T00:00:00Z", "time_mandante": 3, "time_visitante": 8, "placar_mandante": 28, "placar_visitante": 32}}, {"model": "championship.partida", "pk": 204, "fields": {"edicao": 4, "data": "2024-07-23T00:00:00Z", "time_mandante": 8, "time_visitante": 3, "placar_mandante": 20, "placar_visitante": 25}}, {"model": "championship.partida", "pk": 205, "fields": {"edicao": 4, "data": "2024-07-24T00:00:00Z", "time_mandante": 4, "time_visitante": 5, "placar_mandante": 27, "placar_visitante": 32}}, {"model": "championship.partida", "pk": 206, "fields": {"edicao": 4, "data": "2024-07-25T00:00:00Z", "time_mandante": 5, "time_visitante": 4, "placar_mandante": 34, "placar_visitante": 24}}, {"model": "championship.partida", "pk": 207, "fields": {"edicao": 4, "data": "2024-07-26T00:00:00Z", "time_mandante": 4, "time_visitante": 6, "placar_mandante": 24, "placar_visitante": 23}}, {"model": "championship.partida", "pk": 208, "fields": {"edicao": 4, "data": "2024-07-27T00:00:00Z", "time_mandante": 6, "time_visitante": 4, "placar_mandante": 34, "placar_visitante": 29}}, {"model": "championship.partida", "pk": 209, "fields": {"edicao": 4, "data": "2024-07-28T00:00:00Z", "time_mandante": 4, "time_visitante": 7, "placar_mandante": 25, "placar_visitante": 23}}, {"model": "championship.partida", "pk": 210, "fields": {"edicao": 4, "data": "2024-07-29T00:00:00Z", "time_mandante": 7, "time_visitante": 4, "placar_mandante": 32, "placar_visitante": 21}}, {"model": "championship.partida", "pk": 211, "fields": {"edicao": 4, "data": "2024-07-30T00:00:00Z", "time_mandante": 4, "time_visitante": 8, "placar_mandante": 21, "placar_visitante": 27}}, {"model": "championship.partida", "pk": 212, "fields": {"edicao": 4, "data": "2024-07-31T00:00:00Z", "time_mandante": 8, "time_visitante": 4, "placar_mandante": 26, "placar_visitante": 26}}, {"model": "championship.partida", "pk": 213, "fields": {"edicao": 4, "data": "2024-08-01T00:00:00Z", "time_mandante": 5, "time_visitante": 6, "placar_mandante": 29, "placar_visitante": 35}}, {"model": "championship.partida", "pk": 214, "fields": {"edicao": 4, "data": "2024-08-02T00:00:00Z", "time_mandante": 6, "time_visitante": 5, "placar_mandante": 21, "placar_visitante": 23}}, {"model": "championship.partida", "pk": 215, "fields": {"edicao": 4, "data": "2024-08-03T00:00:00Z", "time_mandante": 5, "time_visitante": 7, "placar_mandante": 29, "placar_visitante": 20}}, {"model": "championship.partida", "pk": 216, "fields": {"edicao": 4, "data": "2024-08-04T00:00:00Z", "time_mandante": 7, "time_visitante": 5, "placar_mandante": 34, "placar_visitante": 21}}, {"model": "championship.partida", "pk": 217, "fields": {"edicao": 4, "data": "2024-08-05T00:00:00Z", "time_mandante": 5, "time_visitante": 8, "placar_mandante": 22, "placar_visitante": 26}}, {"model": "championship.partida", "pk": 218, "fields": {"edicao": 4, "data": "2024-08-06T00:00:00Z", "time_mandante": 8, "time_visitante": 5, "placar_mandante": 20, "placar_visitante": 24}}, {"model": "championship.partida", "pk": 219, "fields": {"edicao": 4, "data": "2024-08-07T00:00:00Z", "time_mandante": 6, "time_visitante": 7, "placar_mandante": 30, "placar_visitante": 34}}, {"model": "championship.partida", "pk": 220, "fields": {"edicao": 4, "data": "2024-08-08T00:00:00Z", "time_mandante": 7, "time_visitante": 6, "placar_mandante": 27, "placar_visitante": 31}}, {"model": "championship.partida", "pk": 221, "fields": {"edicao": 4, "data": "2024-08-09T00:00:00Z", "time_mandante": 6, "time_visitante": 8, "placar_mandante": 26, "placar_visitante": 27}}, {"model": "championship.partida", "pk": 222, "fields": {"edicao": 4, "data": "2024-08-10T00:00:00Z", "time_mandante": 8, "time_visitante": 6, "placar_mandante": 35, "placar_visitante": 33}}, {"model": "championship.partida", "pk": 223, "fields": {"edicao": 4, "data": "2024-08-11T00:00:00Z", "time_mandante": 7, "time_visitante": 8, "placar_mandante": 34, "placar_visitante": 27}}, {"model": "championship.partida", "pk": 224, "fields": {"edicao": 4, "data": "2024-08-12T00:00:00Z", "time_mandante": 8, "time_visitante": 7, "placar_mandante": 24, "placar_visitante": 32}}, {"model": "championship.partida", "pk": 225, "fields": {"edicao": 5, "data": "2025-08-14T00:00:00Z", "time_mandante": 1, "time_visitante": 2, "placar_mandante": 35, "placar_visitante": 33}}, {"model": "championship.partida", "pk": 226, "fields": {"edicao": 5, "data": "2025-08-15T00:00:00Z", "time_mandante": 2, "time_visitante": 1, "placar_mandante": 29, "placar_visitante": 21}}, {"model": "championship.partida", "pk": 227, "fields": {"edicao": 5, "data": "2025-08-16T00:00:00Z", "time_mandante": 1, "time_visitante": 3, "placar_mandante": 28, "placar_visitante": 31}}, {"model": "championship.partida", "pk": 228, "fields": {"edicao": 5, "data": "2025-08-17T00:00:00Z", "time_mandante": 3, "time_visitante": 1, "placar_mandante": 24, "placar_visitante": 20}}, {"model": "championship.partida", "pk": 229, "fields": {"edicao": 5, "data": "2025-08-18T00:00:00Z", "time_mandante": 1, "time_visitante": 4, "placar_mandante": 31, "placar_visitante": 22}}, {"model": "championship.partida", "pk": 230, "fields": {"edicao": 5, "data": "2025-08-19T00:00:00Z", "time_mandante": 4, "time_visitante": 1, "placar_mandante": 35, "placar_visitante": 20}}, {"model": "championship.partida", "pk": 231, "fields": {"edicao": 5, "data": "2025-08-20T00:00:00Z", "time_mandante": 1, "time_visitante": 5, "placar_mandante": 30, "placar_visitante": 21}}, {"model": "championship.partida", "pk": 232, "fields": {"edicao": 5, "data": "2025-08-21T00:00:00Z", "time_mandante": 5, "time_visitante": 1, "placar_mandante": 34, "placar_visitante": 29}}, {"model": "championship.partida", "pk": 233, "fields": {"edicao": 5, "data": "2025-08-22T00:00:00Z", "time_mandante": 1, "time_visitante": 6, "placar_mandante": 29, "placar_visitante": 24}}, {"model": "championship.partida", "pk": 234, "fields": {"edicao": 5, "data": "2025-08-23T00:00:00Z", "time_mandante": 6, "time_visitante": 1, "placar_mandante": 35, "placar_visitante": 26}}, {"model": "championship.partida", "pk": 235, "fields": {"edicao": 5, "data": "2025-08-24T00:00:00Z", "time_mandante": 1, "time_visitante": 7, "placar_mandante": 33, "placar_visitante": 24}}, {"model": "championship.partida", "pk": 236, "fields": {"edicao": 5, "data": "2025-08-25T00:00:00Z", "time_mandante": 7, "time_visitante": 1, "placar_mandante": 20, "placar_visitante": 29}}, {"model": "championship.partida", "pk": 237, "fields": {"edicao": 5, "data": "2025-08-26T00:00:00Z", "time_mandante": 1, "time_visitante": 8, "placar_mandante": 26, "placar_visitante": 34}}, {"model": "championship.partida", "pk": 238, "fields": {"edicao": 5, "data": "2025-08-27T00:00:00Z", "time_mandante": 8, "time_visitante": 1, "placar_mandante": 27, "placar_visitante": 31}}, {"model": "championship.partida", "pk": 239, "fields": {"edicao": 5, "data": "2025-08-28T00:00:00Z", "time_mandante": 2, "time_visitante": 3, "placar_mandante": 23, "placar_visitante": 23}}, {"model": "championship.partida", "pk": 240, "fields": {"edicao": 5, "data": "2025-08-29T00:00:00Z", "time_mandante": 3, "time_visitante": 2, "placar_mandante": 24, "placar_visitante": 34}}, {"model": "championship.partida", "pk": 241, "fields": {"edicao": 5, "data": "2025-08-30T00:00:00Z", "time_mandante": 2, "time_visitante": 4, "placar_mandante": 20, "placar_visitante": 26}}, {"model": "championship.partida", "pk": 242, "fields": {"edicao": 5, "data": "2025-08-31T00:00:00Z", "time_mandante": 4, "time_visitante": 2, "placar_mandante": 35, "placar_visitante": 24}}, {"model": "championship.partida", "pk": 243, "fields": {"edicao": 5, "data": "2025-09-01T00:00:00Z", "time_mandante": 2, "time_visitante": 5, "placar_mandante": 23, "placar_visitante": 21}}, {"model": "championship.partida", "pk": 244, "fields": {"edicao": 5, "data": "2025-09-02T00:00:00Z", "time_mandante": 5, "time_visitante": 2, "placar_mandante": 22, "placar_visitante": 24}}, {"model": "championship.partida", "pk": 245, "fields": {"edicao": 5, "data": "2025-09-03T00:00:00Z", "time_mandante": 2, "time_visitante": 6, "placar_mandante": 20, "placar_visitante": 27}}, {"model": "championship.partida", "pk": 246, "fields": {"edicao": 5, "data": "2025-09-04T00:00:00Z", "time_mandante": 6, "time_visitante": 2, "placar_mandante": 29, "placar_visitante": 27}}, {"model": "championship.partida", "pk": 247, "fields": {"edicao": 5, "data": "2025-09-05T00:00:00Z", "time_mandante": 2, "time_visitante": 7, "placar_mandante": 25, "placar_visitante": 35}}, {"model": "championship.partida", "pk": 248, "fields": {"edicao": 5, "data": "2025-09-06T00:00:00Z", "time_mandante": 7, "time_visitante": 2, "placar_mandante": 29, "placar_visitante": 33}}, {"model": "championship.partida", "pk": 249, "fields": {"edicao": 5, "data": "2025-09-07T00:00:00Z", "time_mandante": 2, "time_visitante": 8, "placar_mandante": 29, "placar_visitante": 35}}, {"model": "championship.partida", "pk": 250, "fields": {"edicao": 5, "data": "2025-09-08T00:00:00Z", "time_mandante": 8, "time_visitante": 2, "placar_mandante": 30, "placar_visitante": 34}}, {"model": "championship.partida", "pk": 251, "fields": {"edicao": 5, "data": "2025-09-09T00:00:00Z", "time_mandante": 3, "time_visitante": 4, "placar_mandante": 34, "placar_visitante": 28}}, {"model": "championship.partida", "pk": 252, "fields": {"edicao": 5, "data": "2025-09-10T00:00:00Z", "time_mandante": 4, "time_visitante": 3, "placar_mandante": 22, "placar_visitante": 25}}, {"model": "championship.partida", "pk": 253, "fields": {"edicao": 5, "data": "2025-09-11T00:00:00Z", "time_mandante": 3, "time_visitante": 5, "placar_mandante": 28, "placar_visitante": 29}}, {"model": "championship.partida", "pk": 254, "fields": {"edicao": 5, "data": "2025-09-12T00:00:00Z", "time_mandante": 5, "time_visitante": 3, "placar_mandante": 23, "placar_visitante": 31}}, {"model": "championship.partida", "pk": 255, "fields": {"edicao": 5, "data": "2025-09-13T00:00:00Z", "time_mandante": 3, "time_visitante": 6, "placar_mandante": 21, "placar_visitante": 34}}, {"model": "championship.partida", "pk": 256, "fields": {"edicao": 5, "data": "2025-09-14T00:00:00Z", "time_mandante": 6, "time_visitante": 3, "placar_mandante": 30, "placar_visitante": 28}}, {"model": "championship.partida", "pk": 257, "fields": {"edicao": 5, "data": "2025-09-15T00:00:00Z", "time_mandante": 3, "time_visitante": 7, "placar_mandante": 31, "placar_visitante": 27}}, {"model": "championship.partida", "pk": 258, "fields": {"edicao": 5, "data": "2025-09-16T00:00:00Z", "time_mandante": 7, "time_visitante": 3, "placar_mandante": 20, "placar_visitante": 23}}, {"model": "championship.partida", "pk": 259, "fields": {"edicao": 5, "data": "2025-09-17T00:00:00Z", "time_mandante": 3, "time_visitante": 8, "placar_mandante": 31, "placar_visitante": 33}}, {"model": "championship.partida", "pk": 260, "fields": {"edicao": 5, "data": "2025-09-18T00:00:00Z", "time_mandante": 8, "time_visitante": 3, "placar_mandante": 24, "placar_visitante": 34}}, {"model": "championship.partida", "pk": 261, "fields": {"edicao": 5, "data": "2025-09-19T00:00:00Z", "time_mandante": 4, "time_visitante": 5, "placar_mandante": 21, "placar_visitante": 22}}, {"model": "championship.partida", "pk": 262, "fields": {"edicao": 5, "data": "2025-09-20T00:00:00Z", "time_mandante": 5, "time_visitante": 4, "placar_mandante": 33, "placar_visitante": 35}}, {"model": "championship.partida", "pk": 263, "fields": {"edicao": 5, "data": "2025-09-21T00:00:00Z", "time_mandante": 4, "time_visitante": 6, "placar_mandante": 32, "placar_visitante": 30}}, {"model": "championship.partida", "pk": 264, "fields": {"edicao": 5, "data": "2025-09-22T00:00:00Z", "time_mandante": 6, "time_visitante": 4, "placar_mandante": 30, "placar_visitante": 25}}, {"model": "championship.partida", "pk": 265, "fields": {"edicao": 5, "data": "2025-09-23T00:00:00Z", "time_mandante": 4, "time_visitante": 7, "placar_mandante": 32, "placar_visitante": 33}}, {"model": "championship.partida", "pk": 266, "fields": {"edicao": 5, "data": "2025-09-24T00:00:00Z", "time_mandante": 7, "time_visitante": 4, "placar_mandante": 30, "placar_visitante": 23}}, {"model": "championship.partida", "pk": 267, "fields": {"edicao": 5, "data": "2025-09-25T00:00:00Z", "time_mandante": 4, "time_visitante": 8, "placar_mandante": 29, "placar_visitante": 24}}, {"model": "championship.partida", "pk": 268, "fields": {"edicao": 5, "data": "2025-09-26T00:00:00Z", "time_mandante": 8, "time_visitante": 4, "placar_mandante": 29, "placar_visitante": 33}}, {"model": "championship.partida", "pk": 269, "fields": {"edicao": 5, "data": "2025-09-27T00:00:00Z", "time_mandante": 5, "time_visitante": 6, "placar_mandante": 25, "placar_visitante": 23}}, {"model": "championship.partida", "pk": 270, "fields": {"edicao": 5, "data": "2025-09-28T00:00:00Z", "time_mandante": 6, "time_visitante": 5, "placar_mandante": 25, "placar_visitante": 35}}, {"model": "championship.partida", "pk": 271, "fields": {"edicao": 5, "data": "2025-09-29T00:00:00Z", "time_mandante": 5, "time_visitante": 7, "placar_mandante": 33, "placar_visitante": 30}}, {"model": "championship.partida", "pk": 272, "fields": {"edicao": 5, "data": "2025-09-30T00:00:00Z", "time_mandante": 7, "time_visitante": 5, "placar_mandante": 31, "placar_visitante": 20}}, {"model": "championship.partida", "pk": 273, "fields": {"edicao": 5, "data": "2025-10-01T00:00:00Z", "time_mandante": 5, "time_visitante": 8, "placar_mandante": 25, "placar_visitante": 23}}, {"model": "championship.partida", "pk": 274, "fields": {"edicao": 5, "data": "2025-10-02T00:00:00Z", "time_mandante": 8, "time_visitante": 5, "placar_mandante": 20, "placar_visitante": 28}}, {"model": "championship.partida", "pk": 275, "fields": {"edicao": 5, "data": "2025-10-03T00:00:00Z", "time_mandante": 6, "time_visitante": 7, "placar_mandante": 28, "placar_visitante": 31}}, {"model": "championship.partida", "pk": 276, "fields": {"edicao": 5, "data": "2025-10-04T00:00:00Z", "time_mandante": 7, "time_visitante": 6, "placar_mandante": 32, "placar_visitante": 23}}, {"model": "championship.partida", "pk": 277, "fields": {"edicao": 5, "data": "2025-10-05T00:00:00Z", "time_mandante": 6, "time_visitante": 8, "placar_mandante": 27, "placar_visitante": 23}}, {"model": "championship.partida", "pk": 278, "fields": {"edicao": 5, "data": "2025-10-06T00:00:00Z", "time_mandante": 8, "time_visitante": 6, "placar_mandante": 21, "placar_visitante": 27}}, {"model": "championship.partida", "pk": 279, "fields": {"edicao": 5, "data": "2025-10-07T00:00:00Z", "time_mandante": 7, "time_visitante": 8, "placar_mandante": 30, "placar_visitante": 29}}, {"model": "championship.partida", "pk": 280, "fields": {"edicao": 5, "data": "2025-10-08T00:00:00Z", "time_mandante": 8, "time_visitante": 7, "placar_mandante": 35, "placar_visitante": 29}}]